{"cameraMode":{"drawMode":0,"name":"Shaded","section":"Shading Mode"},"sceneLighting":true,"audioPlay":false,"sceneViewState":{"showFog":true,"showMaterialUpdate":false,"showSkybox":true,"showFlares":true,"showImageEffects":true,"showParticleSystems":true,"showVisualEffectGraphs":true,"m_FxEnabled":true},"in2DMode":false,"pivot":{"x":-2.4779767990112306,"y":-2.8676228523254396,"z":11.89486312866211},"rotation":{"x":0.1582738608121872,"y":-0.026655487716197969,"z":0.004275236278772354,"w":0.9870309829711914},"size":10.502476692199707,"orthographic":false}