{"cameraMode":{"drawMode":0,"name":"Shaded","section":"Shading Mode"},"sceneLighting":true,"audioPlay":false,"sceneViewState":{"showFog":true,"showMaterialUpdate":false,"showSkybox":true,"showFlares":true,"showImageEffects":true,"showParticleSystems":true,"showVisualEffectGraphs":true,"m_FxEnabled":true},"in2DMode":false,"pivot":{"x":-1.466670036315918,"y":-1.5174760818481446,"z":11.645927429199219},"rotation":{"x":-0.12120111286640167,"y":-0.0038797392044216396,"z":0.00047487852862104774,"w":-0.9926255345344544},"size":8.419845581054688,"orthographic":false}