{"cameraMode":{"drawMode":0,"name":"Shaded","section":"Shading Mode"},"sceneLighting":true,"audioPlay":false,"sceneViewState":{"showFog":true,"showMaterialUpdate":false,"showSkybox":true,"showFlares":true,"showImageEffects":true,"showParticleSystems":true,"showVisualEffectGraphs":true,"m_FxEnabled":true},"in2DMode":false,"pivot":{"x":402.43524169921877,"y":162.74583435058595,"z":-68.03317260742188},"rotation":{"x":-0.022808212786912919,"y":-0.007775695063173771,"z":0.00018141452164854854,"w":-0.9997559189796448},"size":58.8621711730957,"orthographic":false}