{"cameraMode":{"drawMode":0,"name":"Shaded","section":"Shading Mode"},"sceneLighting":true,"audioPlay":false,"sceneViewState":{"showFog":true,"showMaterialUpdate":false,"showSkybox":true,"showFlares":true,"showImageEffects":true,"showParticleSystems":true,"showVisualEffectGraphs":true,"m_FxEnabled":true},"in2DMode":false,"pivot":{"x":0.14670658111572267,"y":1.89969801902771,"z":-1.5835676193237305},"rotation":{"x":-0.02462713234126568,"y":-0.7585605382919312,"z":0.028678935021162034,"w":-0.6505419015884399},"size":1.3619797229766846,"orthographic":false}