{"cameraMode":{"drawMode":0,"name":"Shaded","section":"Shading Mode"},"sceneLighting":true,"audioPlay":false,"sceneViewState":{"showFog":true,"showMaterialUpdate":false,"showSkybox":true,"showFlares":true,"showImageEffects":true,"showParticleSystems":true,"showVisualEffectGraphs":true,"m_FxEnabled":true},"in2DMode":false,"pivot":{"x":-8.638717651367188,"y":9.009173393249512,"z":6.596828460693359},"rotation":{"x":0.0038668757770210506,"y":-0.9571919441223145,"z":-0.017324263229966165,"w":-0.29027292132377627},"size":19.95957374572754,"orthographic":false}