{"cameraMode":{"drawMode":0,"name":"Shaded","section":"Shading Mode"},"sceneLighting":true,"audioPlay":false,"sceneViewState":{"showFog":true,"showMaterialUpdate":false,"showSkybox":true,"showFlares":true,"showImageEffects":true,"showParticleSystems":true,"showVisualEffectGraphs":true,"m_FxEnabled":true},"in2DMode":false,"pivot":{"x":-2.6183042526245119,"y":2.6017181873321535,"z":-0.9820915460586548},"rotation":{"x":-0.05076931416988373,"y":-0.8255963921546936,"z":0.07277357578277588,"w":-0.5579438209533691},"size":1.9070537090301514,"orthographic":false}