{"cameraMode":{"drawMode":0,"name":"Shaded","section":"Shading Mode"},"sceneLighting":true,"audioPlay":false,"sceneViewState":{"showFog":true,"showMaterialUpdate":false,"showSkybox":true,"showFlares":true,"showImageEffects":true,"showParticleSystems":true,"showVisualEffectGraphs":true,"m_FxEnabled":true},"in2DMode":false,"pivot":{"x":0.011879213154315949,"y":1.2611156702041627,"z":0.24999964237213136},"rotation":{"x":0.1342092752456665,"y":0.03297501802444458,"z":0.004468350205570459,"w":-0.9903988838195801},"size":0.4380209445953369,"orthographic":false}